0,**NickName**,Procrastination is the thief of time
1,**NickName**,活得生机盎然
2,**NickName**,盼望着，离回家的路似乎还很漫长，等我，等我
3,**NickName**,广州新号13825150562
4,**NickName**,张红延
5,**NickName**,
6,**NickName**,
7,**NickName**,
8,**NickName**,加油
9,**NickName**,人在自己以为可行的事上能不自责，就有福了。（罗马书14：22）
10,**NickName**,
11,**NickName**,
12,**NickName**,
13,**NickName**,
14,**NickName**,不舍得在你身上花钱的男人，别指望他会对你有多好
15,**NickName**,
16,**NickName**,我们一起。
17,**NickName**,耶稣是主
18,**NickName**,pldlpwan
19,**NickName**,
20,**NickName**,
21,**NickName**,心若向阳，无畏悲伤……
22,**NickName**,
23,**NickName**,you got me
24,**NickName**,
25,**NickName**,常常喜乐  不住祷告  凡事感恩
26,**NickName**,有一件事，我曾寻求，我仍要寻求，就是一生一世，住在耶和华殿中
27,**NickName**,
28,**NickName**,至于我和我家必定侍奉耶和华。
29,**NickName**,少无庭训，不读文史
30,**NickName**,耶路撒冷，耶路撒冷，爱你的人必然兴旺
31,**NickName**,
32,**NickName**,
33,**NickName**,坚定和谦逊
34,**NickName**,敬畏主就是智慧，远离恶便是聪明。
35,**NickName**,
36,**NickName**,走好每一步～
37,**NickName**,
38,**NickName**,
39,**NickName**,
40,**NickName**,加油！！！
41,**NickName**,沿着这条直线，一直走下去，不要回头。
42,**NickName**,
43,**NickName**,
44,**NickName**,
45,**NickName**,ΙΧΘΥΣ
46,**NickName**,
47,**NickName**,
48,**NickName**,
49,**NickName**,不叫我们遇见试探，救我们脱离凶恶
50,**NickName**,诫命是灯，法则是光，训悔的责备是生命的道。
51,**NickName**,风清则气正，气正则心齐，心齐则事成。
52,**NickName**,
53,**NickName**,未来的生活能否对得起曾经承受的苦难...
54,**NickName**,
55,**NickName**,敏于行而呐于言
56,**NickName**,一粒麦子不落在地里死了，仍旧是一粒;若是死了，就结出许多子li
57,**NickName**,嗯
58,**NickName**,自助查优惠券和购物奖励，若本号长时间未回复请+v信：TB9140339
59,**NickName**,敬畏耶和华是知识的开端 [箴1:7]
60,**NickName**,
61,**NickName**,你走 我不送你 你来 无论多大风多大雨 我都要去接你
62,**NickName**,
63,**NickName**,少谈些情怀，多来点行动！少一些矫情，多一点真诚！
64,**NickName**,做自己～～自律
65,**NickName**,信 望 爱
66,**NickName**,“我没有什么可以奉献，有的只是热血、辛劳、眼泪和汗水。”
67,**NickName**,认认真真做事，踏踏实实做人
68,**NickName**,我在乎的只是过程，而不是结果。谈笑风声，不怕被拒的自己。
69,**NickName**,
70,**NickName**,喜欢江德福～～么么哒
71,**NickName**,
72,**NickName**,
73,**NickName**,"keep    a  thankful    attitude,no  matter   what    happens"
74,**NickName**,泰州医药高新技术产业园区管委会招商局18852657858
75,**NickName**,常常喜乐！Rejoice always!
76,**NickName**,基督为我死，我为基督活
77,**NickName**,
78,**NickName**,现实的理想主义者
79,**NickName**,"夏虫可以语冰"
80,**NickName**,鄣恼嬷B，}Q竺入口。
81,**NickName**,
82,**NickName**,引人到主面前。
83,**NickName**,
84,**NickName**,
85,**NickName**,赵海斌
86,**NickName**,imagine your life without fear
87,**NickName**,常常喜乐，不住祷告，凡事谢恩！
88,**NickName**,
89,**NickName**,
90,**NickName**,
91,**NickName**,"良知之光越来越亮"
92,**NickName**,                                 
93,**NickName**,你要保守你心，胜过一切！
94,**NickName**,
95,**NickName**,命里有时终须有，命里无时莫强求！
96,**NickName**,光明路 一起走
97,**NickName**,
98,**NickName**,
99,**NickName**,忘记背后，努力面前的，向着标杆直跑。
100,**NickName**,
101,**NickName**,做点实事！做点值得自己晚年回忆和别人铭记的好事！
102,**NickName**,
103,**NickName**,
104,**NickName**,哈哈
105,**NickName**,。。。。gwgxhrnc
106,**NickName**,坚持就会有成果( _ )，法律咨询请发红包
107,**NickName**,
108,**NickName**,
109,**NickName**,
110,**NickName**,
111,**NickName**,信，望，爱
112,**NickName**,神爱世人
113,**NickName**,智慧和健康创造财富！
114,**NickName**,god is love!
115,**NickName**,
116,**NickName**,
117,**NickName**,13342557911
118,**NickName**,
119,**NickName**,"Happy Work, Happy Life"
120,**NickName**,思想是一条宽阔的河流，希望越来越宽
121,**NickName**,愿神帮助我，让我每一天都能过圣洁的生活。
122,**NickName**,降服就是享福，顺服就是蒙福
123,**NickName**,我就是我
124,**NickName**,我就是我
125,**NickName**,以马内利
126,**NickName**,新天新地，新耶路撒冷。上帝之爱永不止息。
127,**NickName**,因信称义！
128,**NickName**,做好一件事，直到成功
129,**NickName**,
130,**NickName**,13817618817
131,**NickName**,每天进步一点点，欢乐又开怀。。。。
132,**NickName**,凡是过去，皆为序章。不忘初心，继续前行。
133,**NickName**,"Devote youselves to prayer,being watchful and thankful."
134,**NickName**,
135,**NickName**,生活像水，不会一直的平静下去偶尔出现的波折是生活中的调剂品！
136,**NickName**,吴纯
137,**NickName**,跑万里路
138,**NickName**,How great is our God！
139,**NickName**,
140,**NickName**,
141,**NickName**,Kate
142,**NickName**,已换新号，此号作废
143,**NickName**,乾坤之道
144,**NickName**,
145,**NickName**,开学了
146,**NickName**,
147,**NickName**,
148,**NickName**,温暖纯良 不舍爱与自由
149,**NickName**,不再因为你们而改变，我要活得开心自在！
150,**NickName**,不念过往，不畏将来
151,**NickName**,
152,**NickName**,人的潜力是被逼出来的。先天不足后天补。
153,**NickName**,稳稳的幸福
154,**NickName**,一儿一女，幸福的一家四口
155,**NickName**,愿你贪吃不胖，懒惰不丑，有诗，有梦，有坦荡荡的远方。
156,**NickName**,@有风一样的感觉……
157,**NickName**,Walk by faith
158,**NickName**,
159,**NickName**,活出自我。
160,**NickName**,
161,**NickName**,开心快乐每一天
162,**NickName**,招聘，本家电维修部招维修师.学徒工多名，联系电话13467862201
163,**NickName**,此号人已满
164,**NickName**,
165,**NickName**,13556159485
166,**NickName**,
167,**NickName**,你对待当下生活的态度，决定了你人生的高度。
168,**NickName**,敬虔加上知足的心便是大力了
169,**NickName**,根基若毁坏，义人还能做什么呢？” (诗篇 11:3 和合本)
170,**NickName**,
171,**NickName**,"我接受自己的不完美，同时我可以每天变得更好"
172,**NickName**,
173,**NickName**,fear is a disease
174,**NickName**,"Just be yourself and keep on moving ahead,that’s real life"
175,**NickName**,
176,**NickName**,我如今在肉身活着，是因信神的儿子而活，他是爱我，为我舍己。
177,**NickName**,
178,**NickName**,
179,**NickName**,心意更新而变化
180,**NickName**,完全信靠顺服主Jesus Christ为k得人
181,**NickName**,
182,**NickName**,厚德精术
183,**NickName**,
184,**NickName**,一只猫子=￣ω￣=喵！
185,**NickName**,""
186,**NickName**,愿所有美善的力量都默默围绕你
187,**NickName**,
188,**NickName**,"主造我们乃是让我们被爱"
189,**NickName**,
190,**NickName**,
191,**NickName**,
192,**NickName**,博学之 审问之 慎思之 明辨之 笃行之
193,**NickName**,李诚
194,**NickName**,慎言敏行
195,**NickName**,
196,**NickName**,
197,**NickName**,生有涯，知无涯，行万里路，读万卷书
198,**NickName**,
199,**NickName**,人对我说：“我们往耶和华的殿去。”我就欢喜。（诗122:1）
200,**NickName**,"I will not boast in anything. No gift, no powers, no wisdom."
201,**NickName**,夏天到了，肉要藏不住了
202,**NickName**,
203,**NickName**,真理的能力胜过世界任何力量！
204,**NickName**,
205,**NickName**,苦难是一份化妆的祝福
206,**NickName**,放弃不难 坚持一定很酷
207,**NickName**,
208,**NickName**,
209,**NickName**,听从你心，无问西东
210,**NickName**,活出自我，为自己奔跑……
211,**NickName**,努力成为更好的人，因为你
212,**NickName**,我们不一样
213,**NickName**,升华
214,**NickName**,
215,**NickName**,
216,**NickName**,
217,**NickName**,你们显在这世代中，好像明光照耀。
218,**NickName**,
219,**NickName**,
220,**NickName**,k是爱我，为我舍己
221,**NickName**,我和我家必定侍奉耶和华
222,**NickName**,4.7 &amp; 5.2
223,**NickName**,
224,**NickName**,春风柳上来，离人心上秋。
225,**NickName**,
226,**NickName**,生命之道！
227,**NickName**,平凡之路
228,**NickName**,
229,**NickName**,Train myself in godliness.
230,**NickName**,用心爱人，用心工作
231,**NickName**,陌上人如玉，公子世无双
232,**NickName**,15972827111
233,**NickName**,我不段的提醒自己：我的心啦，你要仰望耶和华，唯独信靠他。
234,**NickName**,上帝所爱的小鱼
235,**NickName**,18971707180
236,**NickName**,
237,**NickName**,
238,**NickName**,up
239,**NickName**,
240,**NickName**,
241,**NickName**,
242,**NickName**,
243,**NickName**,Trust in the Lord with all my heart!
244,**NickName**,博学而笃志，切问而近思
245,**NickName**,你好
246,**NickName**, 
247,**NickName**,去想那些好的方便面，而不是可能出问题的方便面。
248,**NickName**,
249,**NickName**,
250,**NickName**,说个屁的说！
251,**NickName**,不乱于心，不困于情。不畏将来，不念过去。如此，安好。
252,**NickName**,你是葡萄树
253,**NickName**,
254,**NickName**,家和万事兴
255,**NickName**,公事请用: tanz@uwaterloo.ca | 2269298021
256,**NickName**,耶和华是我的牧者，我必不至缺乏。(诗23:1)
257,**NickName**,行公义，好怜悯，存谦卑的心与我的神同行。（弥迦书6:8）
258,**NickName**,唯有爱能治愈孤独
259,**NickName**,献祭头发 获得offer
260,**NickName**,Because we accept the love we think we deserve.
261,**NickName**,"Stay hungry, stay foolish！"
262,**NickName**,我们要结出果子来，与悔改的心相称。
263,**NickName**,
264,**NickName**,
265,**NickName**,向往美好的明天～
266,**NickName**,减肥！减肥！减肥！！
267,**NickName**,
268,**NickName**,"Don’t work hard, work smart."
269,**NickName**,我心平稳安静
270,**NickName**,商业策划！
271,**NickName**,""
272,**NickName**,终日乾乾，反复道也。或跃在渊，进无咎也。
273,**NickName**,我虽然行过死荫的幽谷，也不怕遭害，因为你与我同在 (诗篇23)
274,**NickName**,
275,**NickName**,我要我要求…5968加后二两
276,**NickName**,要开心每一天
277,**NickName**,Enjoy the amazing grace
278,**NickName**,功不唐捐，玉汝于成。
279,**NickName**,"Follow your heart, try your best !"
280,**NickName**,
281,**NickName**,我身在世为客旅，人生何处不他乡。
282,**NickName**,在最愤怒时忍住最伤对方的那句话。
283,**NickName**,一生一世住在耶和华的殿中，瞻仰他的荣美  诗 27:4 
284,**NickName**,best of you
285,**NickName**,说好的永远呢？
286,**NickName**,
287,**NickName**,加油！
288,**NickName**,陪我看世间风景，许我一世欢颜
289,**NickName**,
290,**NickName**,
291,**NickName**,抓不住彩虹的笨鸟！
292,**NickName**,爱拼才会赢
293,**NickName**,桃月十五，蒲月十一
294,**NickName**,信心 盼望 爱
295,**NickName**,耶和华是我的牧者，我必不至缺乏
296,**NickName**,你要保守你心，胜过保守一切，因为一生的果效是由心发出
297,**NickName**,On the way～
298,**NickName**,同心，同行。
299,**NickName**,依靠上帝 平安喜乐
300,**NickName**,
301,**NickName**,IN HIS TIME..
302,**NickName**,
303,**NickName**,
304,**NickName**,耶和华是我的牧者，我必不至缺乏。
305,**NickName**,不懈耕耘
306,**NickName**,
307,**NickName**,
308,**NickName**,有缘千里来相会
309,**NickName**,选择我喜欢的，喜欢我的选择！
310,**NickName**,时间让深的东西越深，浅的东西越浅
311,**NickName**,那佛光闪闪的高原，三步两步便是天堂……
312,**NickName**,行事为人要端正，好像行在白昼。罗马书13:13
313,**NickName**,No man knows how bad he is till he has tried hard  tobe good
314,**NickName**,生而知天命
315,**NickName**,
316,**NickName**,胜于守夜的等候天亮
317,**NickName**,
318,**NickName**,你美如得撒，秀美如耶路撒冷，
319,**NickName**,小时候   幸福是件很简单的事／长大后  简单是件很幸福的事
320,**NickName**,不忘初心，方得始终！
321,**NickName**,私は家族瑜ほしいです。
322,**NickName**,阳光，沙滩
323,**NickName**,一个人一生若没有一件为之生，为之死的事，那活着还有什么价值？
324,**NickName**,高校科研管理系统，培训考试平台制订开发，可联系13786285377
325,**NickName**,"神就是爱"
326,**NickName**,
327,**NickName**,
328,**NickName**,圣洁很重要！
329,**NickName**,哥要成为让众大神心服口服的男人
330,**NickName**,我和我家必定侍奉耶和华
331,**NickName**,要敬重自然…
332,**NickName**,所见的是暂时的，所不见的是永远的。
333,**NickName**,"你们必晓得真理，真理必叫你们得以自由"
334,**NickName**,
335,**NickName**,至于我和我的家，我们必定侍奉耶和华！
336,**NickName**,
337,**NickName**,
338,**NickName**,邵国芳
339,**NickName**,人生在世，不必荣华富贵，平凡清淡便好。
340,**NickName**,他要像一棵树，栽在溪水旁，按时候结果子，叶子也不枯干
341,**NickName**,至于我，就像神殿中的青橄榄树，我永永远远依靠神的慈爱。
342,**NickName**,
343,**NickName**,
344,**NickName**,我从前风闻有你，现在亲眼看见你。
345,**NickName**,""
346,**NickName**,吾身在世本客旅，人生何处不他乡。
347,**NickName**,
348,**NickName**,你好吗
349,**NickName**,
350,**NickName**,Do your doing
351,**NickName**,"每一个你讨厌的现在,都有一个不够努力的曾经。"
352,**NickName**,
353,**NickName**,乐观的悲观主义者
354,**NickName**,
355,**NickName**,k要将自己的百姓从罪恶中拯救出来！
356,**NickName**,就从今天起 I wish
357,**NickName**,
358,**NickName**,
359,**NickName**,好好的
360,**NickName**,咫尺和天涯！
361,**NickName**,"passion, dream, action, just do it"
362,**NickName**,Someone died. It happens all the time. 
363,**NickName**,喜乐的心乃是良药！a happy heart does good like medicine !
364,**NickName**,"Micah 3:8 "
365,**NickName**,
366,**NickName**,简简单单，做一个美好的人
367,**NickName**,双击编辑好友印象
368,**NickName**,个性是一种生活的态度
369,**NickName**,使万民做主的门徒
370,**NickName**,一粒麦子
371,**NickName**,余虽不敏，唯以诚矣。
372,**NickName**,他要像一棵树栽在溪水旁，按时侯结果子，叶子也不枯干。
373,**NickName**,我等候耶和华，我的心等候，我也仰望他的话。
374,**NickName**,
375,**NickName**,坚持就是胜利
376,**NickName**,我心尊主为大
377,**NickName**,我们要有最朴素的生活和最遥远的梦想。
378,**NickName**,
379,**NickName**,
380,**NickName**,
381,**NickName**,要像一棵树栽在溪水旁按时候结果子叶子也不枯干
382,**NickName**,
383,**NickName**,本人近期不用微信，有事请电话联系。
384,**NickName**,目成心许，天雨流芳
385,**NickName**,追求，永无止境
386,**NickName**,出走半生，归来仍是少年！
387,**NickName**,欢迎一起保龄、游泳、打牌、跳绳、抓鱼、爬山！
388,**NickName**,
389,**NickName**,"Whatever happens, you should just keep going."
390,**NickName**,书山有路勤为径，学海无涯苦作舟
391,**NickName**,怜悯贫穷的，就是借给耶和华，他的善行，耶和华必偿还。
392,**NickName**,从做更好的自己开始
393,**NickName**,
394,**NickName**,丈夫只手把吴钩，意气高于百尺楼
395,**NickName**,
396,**NickName**,
397,**NickName**,
398,**NickName**,在你一切所行的事上都要认定他，他必指引你的路。
399,**NickName**,神阻挡骄傲的人，赐恩给谦卑的人:)
400,**NickName**,不要在乎别人的眼光，尊重本心，开心就好。
401,**NickName**,一生爱祢，敬拜祢。一生属祢，荣耀祢。一生奉献，永不回头。
402,**NickName**,Just do it！
403,**NickName**,痛苦常来自比较，而幸福多源于感恩！
404,**NickName**,
405,**NickName**,微整所有项目、美甲、美睫
406,**NickName**,努力～奋斗～
407,**NickName**,Jesus is the way the truth and the life.
408,**NickName**,
409,**NickName**,信仰不是一种学问，信仰是一种行为！它只被实践的时候才有意义。
410,**NickName**,KR&amp;KW
411,**NickName**,
412,**NickName**,知足常乐！
413,**NickName**,一位有信仰 爱生活 爱思考 爱旅行的男子18801615820
414,**NickName**,laoma哥们
415,**NickName**,耶稣是我生命中的至宝
416,**NickName**,"Love never fails"
417,**NickName**,凡事包容，凡事相信，凡事盼望，凡事忍耐。
418,**NickName**,好好学习 脚踏实地谋发展
419,**NickName**,
420,**NickName**,The LORD is my shepherd  耶和华是我的牧者
421,**NickName**,愿择一城终老，愿深爱一人一生.
422,**NickName**,耶和华是我的牧者，我必不至缺乏！
423,**NickName**,神是爱
424,**NickName**,凡事谦逊、温柔、忍耐，用爱心相互宽容（弗4：2）
425,**NickName**,越努力越空旷
426,**NickName**,行百里者半九十
427,**NickName**,... Time will see ...
428,**NickName**,平心
429,**NickName**,知其雄，守其雌，为天下溪。知其白，守其黑，为天下式
430,**NickName**,早知如此绊人心，何如当初莫相识。
431,**NickName**,常在于险远
432,**NickName**,Nothing lasts.
433,**NickName**,黑暗的夜才能看见最美的星光  人生亦如此
434,**NickName**,喜乐的心是良药
435,**NickName**,在基督里，就是新造的人
436,**NickName**,信而服
437,**NickName**,
438,**NickName**,
439,**NickName**,回家吧！
440,**NickName**,主必兴旺，我必衰微。
441,**NickName**,他不争吵，也不喧嚷，人在街上听不见他的声音。
442,**NickName**,
443,**NickName**,一颗星、一粒尘
444,**NickName**,
445,**NickName**,读书  运动  思考  实践！Keep moving
446,**NickName**,"...faith by itself, if it does not have works, is dead."
447,**NickName**,好奇心
448,**NickName**,我可不想再错过满天繁星
449,**NickName**,もう行こう　oるものがあるなら…
450,**NickName**,
451,**NickName**,永往直前
452,**NickName**,你的话语安定在天，直到永远。
453,**NickName**,""
454,**NickName**,愿时光能缓 愿故人不散
455,**NickName**,心诚则灵
456,**NickName**,"请做闪闪发光的小怪兽，加油"
457,**NickName**,
458,**NickName**,遵行上帝的旨意才是最重要的
459,**NickName**,沧海一栗，如管窥，海纳之，顿感之矣！
460,**NickName**,所谓的幸福，从来都是水到渠成。
461,**NickName**,最近状态不好，闭关休整ing
462,**NickName**,世间万物皆苦，你明目张胆的偏爱就是救赎。  
463,**NickName**,你的眼睛若明亮，全身就光明。
464,**NickName**,心若自由，便是天堂. 、、、-_- 
465,**NickName**,荣耀上帝，以他为乐。。
466,**NickName**,做最好的自己！
467,**NickName**,
468,**NickName**,有缘才会相聚，有心才会珍惜！
469,**NickName**,当你的才华还撑不起你的梦想时，请你静下心来学习
470,**NickName**,人在最小的事上忠心，在大事上也忠心；
471,**NickName**,吾为流萤，心向皓月
472,**NickName**,"Love covers a multitude of sins "
473,**NickName**,星河滚烫 你是人间理想
474,**NickName**,pp
475,**NickName**,Gospel is the foundation of growing up.
476,**NickName**,amazing grace
477,**NickName**,带着好奇心，丈量世界
478,**NickName**,
479,**NickName**,
480,**NickName**,
481,**NickName**,简简单单
482,**NickName**,徐`胎M五千卷，~天士W十七
483,**NickName**,选择比努力更重要
484,**NickName**,
485,**NickName**,你若想得到这世界最好的东西，先得让世界看到最好的你。
486,**NickName**,""
487,**NickName**,邓小姐
488,**NickName**,邓小姐
489,**NickName**,
490,**NickName**, 春未老，诗酒趁年华。
491,**NickName**,耶和华是我的牧者
492,**NickName**,快落的freshman
493,**NickName**,
494,**NickName**,汪涵
495,**NickName**,我也想有个个性签名
496,**NickName**,
497,**NickName**,
498,**NickName**,
499,**NickName**,读史 骑行
500,**NickName**,
501,**NickName**,我不看月亮也不说想你，这样月亮和你都被蒙在鼓里
502,**NickName**,
503,**NickName**,Forbearance
504,**NickName**,
505,**NickName**,始于v8....
506,**NickName**,没个性没签名
507,**NickName**,hair center
508,**NickName**,
509,**NickName**,Life is too short to be little.
510,**NickName**,"you hem me in behind and before, you lay your hand upon me"
511,**NickName**,快乐可共享，苦难靠自扛！
512,**NickName**,甘奴你想后代永为娼奴？请多买清.黑白噬.除非上天管.否则迟早是.
513,**NickName**,因为爱所以爱
514,**NickName**,平时不一定经常看微信。有急事请打电话！以马内利！
515,**NickName**,
516,**NickName**,酸枣糕新鲜扒拉滚出炉了！全部是原味酸枣糕！13576709363
517,**NickName**,《耶利米书10:10节上》惟耶和华是真神，是活神，是永远的王
518,**NickName**,"优雅是一种阅历的凝聚，淡然是一段人生的沉淀。"
519,**NickName**,生生不息
520,**NickName**,活好每一天
521,**NickName**,灵巧像蛇，驯良像鸽子。
522,**NickName**,人不制伏自己的心，好像毁坏的城邑没有墙垣。
523,**NickName**,
524,**NickName**,
525,**NickName**,净心素雅。
526,**NickName**,
527,**NickName**,a clean heart
528,**NickName**,。。。。。。
529,**NickName**,
530,**NickName**,
531,**NickName**,那些疼痛，让我学会了成长！
532,**NickName**,为收入而干，为荣耀而战！共谋发展，同铸辉煌！
533,**NickName**,
534,**NickName**,有急事打我电话：13122372821
535,**NickName**,主必不永远丢弃人
536,**NickName**,知足且上进 温柔而坚定
537,**NickName**,减少依赖 降低期待
538,**NickName**,高校教师#二宝爸#健康生活追求者
539,**NickName**,念念不忘，必有回响 Cheri J+
540,**NickName**,信是所见之事的实底，未见之事的确据。希11:1
541,**NickName**,急事请邮件1297047241@qq.com
542,**NickName**,怀有桃李
543,**NickName**,"当下即未来"
544,**NickName**,尽心、尽性、尽意，爱主你的神。
545,**NickName**,时尚是一种自信，一种涵养，一种气质......女人要漂亮的活着
546,**NickName**,放荡不羁爱吃肉！
547,**NickName**,我喜欢的人，有光，光而不耀，与光同尘。
548,**NickName**,你问人问题，他若答非所问，便已是答了，无需再问。
549,**NickName**,路在脚下
550,**NickName**,以心暖心
551,**NickName**,
552,**NickName**,
553,**NickName**,放下期待，行公义，好怜悯。
554,**NickName**,言宜慢，心宜善
555,**NickName**,
556,**NickName**,God love us
557,**NickName**,花长好，月长圆，情长久，人长寿
558,**NickName**,我那帮L有你，F在H眼看你。(s伯42:5)
559,**NickName**,耶稣爱你^ - ^  
560,**NickName**,君子敏于事而讷于言
561,**NickName**,距离地球表面158cm
562,**NickName**,
563,**NickName**,NOTSAFEBUTGOOD
564,**NickName**,
565,**NickName**,常常喜乐，凡事谢恩
566,**NickName**,"Jam ,Work Hard …"
567,**NickName**,
